0,1,2
-0.8837462,3.0866294,-1.9403422
-1.3235701,2.9620152,-2.9117832
-0.92420095,2.69061,-2.5289514
-0.79960257,3.0602334,-2.64358
-0.7885292,3.219389,-1.6513364
-1.0206023,3.1594956,-2.165581
-0.836975,1.998899,-2.6150935
-0.57921463,2.6059213,-2.325366
-0.52590615,2.876778,-1.77313
-1.129986,2.8292813,-2.0753245
-0.89090145,2.0496042,-2.6293068
-0.8781785,3.0670743,-2.0596318
-1.225985,2.3793626,-2.8051918
-1.2910913,2.3567731,-2.7759256
-0.9259142,2.802351,-1.9400704
-1.033559,2.433054,-2.9074996
-0.7736495,2.0832186,-2.7107873
5.2988605,14.744853,8.387048
-1.0749265,2.3917568,-2.9374423
-0.9327405,2.9948595,-1.8132792
-1.087224,2.800147,-2.0413616
-1.01909,2.9981136,-2.9543908
-1.1555369,2.6903105,-2.9074886
-0.719308,2.0760527,-2.5557106
-0.7168319,2.5132244,-2.7328687
-0.85236,2.1870718,-2.3731112
-1.0906421,2.6152387,-2.1016464
-0.94137967,3.0245423,-2.0413504
-1.1829034,2.6793995,-2.6452317
-1.2506566,2.5008264,-2.3893692
-0.8143802,3.12897,-2.2372825
-1.1852949,2.6281073,-2.971124
-1.090283,2.8727381,-1.8581191
-1.0515766,2.9234426,-3.0445611
-0.73293644,2.1318111,-2.4728217
-0.87611234,3.065837,-2.1419785
-1.232454,2.6954844,-2.1703298
-0.9503342,2.226638,-2.7191997
-0.99242485,3.1732461,-2.795165
-1.0813613,3.1186683,-2.8776097
-0.9018622,3.1832826,-2.5245306
-1.2259077,2.6201022,-2.4356174
-0.9333107,2.5568504,-2.1991303
-1.3428679,2.7717206,-2.9303849
-1.3038554,2.9356096,-3.019582
-0.74133545,2.5087812,-2.145997
5.4344053,14.557128,8.437437
-0.85509175,2.0539856,-2.6193938
-0.56057537,3.1478236,-1.9874542
-1.1672586,3.0057034,-3.016266
-0.69183964,2.943135,-2.303372
-1.1586543,3.2496595,-2.254681
-1.0586504,2.8619666,-1.9266108
-0.79109085,3.2469692,-2.1362565
-0.94282913,3.1692948,-2.0481038
-0.92613107,2.8787465,-2.3959908
-0.54663086,2.826206,-2.3355677
-0.7533655,2.8106668,-2.3757002
-0.8086452,3.146812,-1.8157053
-0.6404975,2.678051,-2.162765
-1.0870936,3.0955966,-3.0230792
-0.91121125,2.3792934,-2.8719742
-0.9396322,2.9858077,-2.552518
-1.3210822,2.4336336,-2.253127
-0.7167737,2.6473937,-2.515458
-1.1460162,2.9415836,-2.1831472
-1.2089186,2.7877579,-2.8806217
-0.84124774,2.056133,-2.5580273
-1.3398923,2.5646067,-2.485231
-0.5997942,2.8069465,-2.1915197
-0.9939766,2.5064526,-2.120141
-0.7791188,3.1397164,-2.6917436
-1.1411405,2.916301,-3.0175745
-0.8395569,2.6604097,-1.9993336
-0.82877916,2.231826,-2.538626
-1.0238363,2.8394825,-2.9355357
-1.0838311,2.497251,-2.3678615
-0.86892277,3.1991186,-2.02679
-1.2293638,2.8870294,-2.9637434
-1.2840185,2.6886718,-2.1652508
11.611132,12.033044,4.6233363
-0.7638987,2.1323977,-2.5002003
-0.867565,3.202676,-2.5166597
-0.9579357,2.2175684,-2.5620654
-1.1942072,3.062145,-3.0395315
-0.8177162,3.3263834,-2.1882722
-1.2066017,2.8419538,-2.8552794
-1.0259137,2.8552318,-2.3815958
-1.0659229,2.6580648,-2.6969733
-0.6373102,2.3823626,-2.6288452
-1.195305,2.4660563,-2.4077218
-0.6601823,2.707613,-2.682798
-0.9540056,2.1413343,-2.5185854
-0.541946,3.0373871,-1.6625495
-1.1301278,2.6710746,-2.0431297
-0.90828705,2.4424176,-2.8562644
-0.9177215,2.5278955,-2.4263222
-0.8845698,2.9576848,-2.2646782
-0.8111663,3.040784,-1.9744798
-0.82302356,2.6616454,-2.1045752
4.883203,15.629304,8.283636
-0.6041396,2.7978892,-2.5009658
-1.1588297,2.5649796,-2.0511448
-0.6232276,2.6869566,-2.20448
-0.5791063,2.6283104,-2.6692853
-0.50066304,2.7014558,-2.234167
-1.0319661,3.3027272,-2.312461
-0.9808083,2.8164663,-2.0989997
-1.1844172,2.8871884,-2.7972653
-0.86295944,3.1173344,-2.5682411
-1.3861812,2.526577,-2.540402
-1.0867058,2.920357,-1.9260005
-1.2651716,2.4453146,-2.7704623
-0.8753908,3.117137,-2.16624
-0.8894289,2.0324028,-2.574149
-0.78396904,2.5736308,-2.398507
-0.8425872,2.4141881,-2.836103
-0.5927219,2.5268455,-2.521568
-1.2265732,2.4145417,-2.4813766
-1.2156181,2.6993985,-3.0465467
-0.7947103,2.8715565,-2.2303722
-1.1510686,2.4148962,-2.6708872
-0.95446867,2.981912,-2.9126778
-1.1611525,3.1344001,-2.7712154
-0.82166183,2.7960985,-2.869043
-0.80431885,2.5966911,-2.7798293
-1.1729814,2.41194,-2.707818
-1.1310548,2.6099281,-2.9363513
-0.625719,2.6193736,-2.46997
-0.69705147,2.437617,-2.7869334
-1.1803976,2.3782864,-2.6592193
-0.8551145,3.0525687,-2.7570345
-0.9136338,3.0391204,-2.6915925
-0.9831659,3.0782282,-1.8348297
-0.45800132,2.872843,-1.9933584
-0.94118565,2.9414785,-2.9110117
-1.0674309,2.9304302,-2.8450084
-0.6198929,3.1805203,-1.9106025
-0.9574762,3.2262466,-2.0335295
-0.5879995,2.6477857,-2.7404985
-0.92021155,2.7822797,-2.8168612
-1.169854,3.0155036,-3.0010629
-1.2574002,2.525562,-2.4216714
-0.48022452,2.5310206,-2.354533
-0.830065,2.0526536,-2.6190205
-1.1970688,2.908285,-2.149608
-0.86166984,2.1029203,-2.6958506
-0.8324139,3.1462362,-2.2140899
-1.218726,2.4721549,-2.5670857
-0.6640785,3.2790656,-1.744907
5.3780923,14.655752,8.399126
-1.2732823,2.550128,-2.7641935
-0.9466752,10.56651,3.1205518
-1.5442581,9.800012,3.6588516
-1.5180947,10.239008,3.602031
-0.999168,10.074367,3.4486747
5.3715587,14.667893,8.489417
-1.5328741,9.668836,3.5655487
-0.94118905,9.362222,4.1240287
-1.3366754,10.186332,3.1689188
-0.91104,10.068773,3.352712
-1.2773997,10.463017,3.2153141
-1.0190712,10.426617,3.0014372
-0.9594376,10.7013645,3.253205
-0.80360407,9.749795,3.2532992
-1.0899757,9.719507,3.048715
-1.0608301,9.858194,3.6845627
-1.3703606,10.220259,3.2387915
-1.3654702,10.304329,3.0193532
-1.0390297,10.027314,3.0878727
-0.93946713,10.778006,3.3047707
-1.3524367,10.1179285,2.8888996
-1.4006284,10.249162,2.9462724
-1.2117436,9.889975,3.1165009
-1.1471599,10.518051,3.090821
5.683832,14.322378,8.2897835
-0.5329014,10.178157,3.5777705
-1.5814129,9.796858,3.2402744
5.4765787,14.583112,8.474311
4.859335,15.645985,8.288774
-0.80450547,10.323203,3.4375455
5.3824706,14.700647,8.425254
-1.4456867,10.009799,3.259404
-0.8491895,9.709612,3.807481
-1.5354688,10.167057,3.5535448
-0.6846793,9.945063,3.3608968
-1.395886,9.88807,3.5286095
-1.1391823,9.69319,2.804283
-1.2464184,9.948331,3.1528425
-0.89412266,10.764253,3.3233867
-0.936765,9.622897,3.9889596
-0.7027374,9.984163,3.7004285
-0.75446653,10.150772,3.4543328
-1.5830104,10.215622,3.0177035
-1.2088299,10.483103,3.0657887
-1.3486837,10.522588,3.3536732
-1.2757354,10.010799,3.4669306
-1.4166436,9.80103,3.4382913
-0.7563174,9.296002,4.4272046
-1.2421411,10.214363,3.2170823
-1.4042647,9.811958,3.571665
-1.3275151,9.552191,3.452327
-0.55133015,10.124923,3.124048
5.3876143,14.238446,8.379987
-0.90079546,10.168072,3.6325788
-0.96880454,10.4841795,2.768921
5.410428,14.543634,8.4519205
-0.7834778,10.213037,3.1180427
-0.80401325,10.442839,3.07789
-1.552222,10.00597,3.1695564
-0.7481182,9.31544,4.511935
-0.72186536,10.243,3.2413244
-1.0636737,10.385718,2.7815475
-1.4942901,9.637833,3.3372486
-1.126996,9.809448,3.3661036
-1.317471,10.4229355,3.561873
-1.3870126,10.082465,3.5215657
-0.9690415,10.371353,3.5637593
-1.4612563,9.406737,2.8673787
-0.7604291,9.268067,4.4529343
-1.434039,9.946918,3.01466
-1.1620537,10.354248,3.050131
-0.6187057,10.014744,3.3915603
-0.8568028,10.540812,3.1414435
-1.3980719,9.662945,3.496469
-0.82972354,10.548631,3.0559819
-0.7741757,10.838334,3.4125192
-1.43248,9.610228,3.1831684
-1.4484668,9.84101,3.4095178
-0.66858876,10.27001,3.2926874
-1.1847155,10.73627,3.1502502
-1.3558841,9.694982,3.665516
-0.7844209,9.276973,4.220574
-1.5638453,10.015632,3.0148437
-1.59905,9.947302,3.540079
-1.623924,9.879036,3.0953565
-1.1261139,10.300113,2.950727
-1.5487579,10.20423,3.0163193
-0.6797133,10.365198,3.3880286
-1.2110727,9.77006,3.0069032
-0.5901702,10.324187,3.5241213
4.8876047,15.627413,8.284088
-0.792731,9.330446,4.2746487
-1.3115608,10.07004,3.4910364
-1.4499065,9.578231,3.4399745
-1.1052495,9.827074,2.8718874
-1.2527367,10.479985,3.0244606
-1.3561358,10.115156,3.6963155
-1.1986809,10.118413,3.6704888
-0.7859917,10.558529,3.515199
-1.0469321,9.51355,3.6576478
-1.114514,9.974104,3.7350342
-0.95378846,9.785935,3.073033
-0.8666789,9.490366,3.9503121
-0.77834374,9.940355,3.4871342
-1.4632628,9.84246,3.229285
-1.2609869,10.356136,3.0510013
-0.5978116,9.300036,4.0914483
-1.3565762,9.319166,2.6240034
-0.66156006,9.237196,4.1804857
-0.5663332,10.363418,3.5842466
-0.84119004,10.542971,3.2729077
-0.9299097,10.543875,3.3181152
-0.8461382,10.809014,3.4433525
4.917445,15.59404,8.312133
-0.82222444,10.535903,2.9622438
5.61616,14.381871,8.330018
-0.7478532,10.170683,2.8642535
4.9427123,15.570723,8.337345
-1.5782567,9.7004795,3.3980966
-1.1661252,9.733147,3.670291
-1.4880887,10.0979,3.0672963
-0.81024885,10.200259,3.030816
-0.7478684,9.94053,3.524276
-1.3972678,10.268824,3.329901
-1.4925221,10.331478,3.3091557
-0.94490063,9.719989,3.343481
-0.6897247,9.737852,3.612314
-0.79057133,10.119399,2.9857185
-0.9897714,9.51192,3.9752362
-0.84114665,10.148664,2.9966831
-0.7594605,10.823021,3.3633833
-1.0856199,9.813177,2.8750718
-1.6305845,9.990763,3.2056222
-0.65998155,10.382182,3.2011578
-0.68648416,10.276994,3.0054734
-0.9598905,9.638738,3.8961923
-1.3297704,9.762866,3.355625
-1.4708482,10.313185,3.5130222
-0.6963639,10.337206,3.1621225
-0.98787516,10.823724,3.3098037
-1.3696536,10.01683,3.143707
-0.830566,10.184243,3.3559585
-1.5143367,10.266877,3.3819647
-0.9686207,10.135788,2.860556
-0.7851805,10.278515,3.0842388
-0.87493604,10.245719,2.9672
-0.70589507,9.200812,4.4383874
-1.193755,9.461651,3.5481522
-1.0357835,10.596509,3.0864031
-0.88407916,10.745222,3.3300366
-1.1366447,10.251928,3.1007202
-0.83222973,9.74111,3.2232504
-1.0039977,9.4749975,3.740221
-1.4780493,9.777619,3.3024614
-0.7145661,9.289506,4.6023617
-0.7356446,9.22586,4.4282055
-1.4778106,9.733098,3.1885653
-0.8505061,9.74676,3.1620414
-0.8302388,10.365035,3.654837
-0.5877753,10.001016,3.4430685
-1.3416729,9.760392,3.7577755
-1.0073123,9.700299,3.8400707
-1.123091,10.668017,3.1894927
-1.4990692,10.057029,2.9128764
-1.2664522,10.233952,3.0121295
-1.4772543,10.289111,3.4494433
-0.9246688,10.298685,3.0630522
-0.84380984,9.489804,4.1267595
-1.3447056,9.870036,3.06555
-0.99055624,10.237591,3.2671447
-0.6922654,10.527389,3.2671783
-0.7736398,10.22239,3.439514
-1.2270961,9.905508,3.6545665
-0.7315291,9.6547785,3.9096835
-1.3696301,10.402846,3.1559086
5.2964582,14.577442,8.524335
-0.9756579,9.765715,3.046137
-0.7894074,10.350081,3.4992664
-1.0689256,9.901339,2.9243617
-0.85752606,10.405478,3.0986488
4.944332,15.589171,8.342263
-0.89087486,10.36379,3.3782299
-1.3140796,9.656298,3.3707361
-1.3159769,9.632864,3.1662688
12.135029,12.708518,3.2868133
11.777083,12.474732,4.0518312
11.562672,12.893702,3.7369514
11.112907,12.89862,4.2751107
5.512668,14.591966,8.485644
11.524297,12.654172,3.7023802
11.28553,12.565257,4.524964
11.509314,12.707966,3.6554883
11.760597,13.284443,3.9409366
12.047208,12.549869,3.388627
11.728788,13.2138195,3.6808162
11.400461,13.347487,3.7384272
11.704937,13.080995,4.050564
11.189771,12.821206,4.103041
11.080743,12.731884,4.3090806
11.531482,13.19131,3.5991695
11.616433,13.010154,3.6659875
11.778727,13.395085,3.9633641
10.970288,12.716769,4.4727006
11.138982,12.57207,4.5581083
11.884436,12.976673,4.0813093
11.918412,13.317552,3.8319192
11.104336,12.747167,4.532119
11.1827345,12.472805,4.4132223
11.975568,12.539391,3.621129
12.077084,12.933457,3.750747
12.082926,12.722303,3.408416
4.8399153,15.677661,8.251278
11.107653,12.4985285,4.432492
11.507061,13.138973,3.7995684
11.162644,12.706357,4.1592464
12.199695,12.7733135,3.3556638
11.956711,12.798561,3.312086
11.383472,12.519794,4.396384
11.12725,12.757043,4.4722548
11.479622,12.452776,4.1741257
11.31549,12.524898,4.392265
11.087226,12.713232,4.442498
11.344762,12.350885,4.164692
11.23483,12.565067,4.2039113
11.623694,13.214329,3.7340963
11.66325,13.154266,3.694325
11.888069,12.765272,3.42842
11.240058,12.480355,4.4673247
11.2456255,13.083161,3.8765738
11.293213,13.239635,3.9328234
11.62342,13.040699,3.4597633
11.869297,12.851747,3.3678966
11.137861,12.580547,4.3856406
11.212202,12.81849,4.0354037
11.097424,12.720871,4.516585
11.261435,12.373819,4.2783666
11.571915,13.3144865,3.8102052
11.738008,12.851025,3.1685317
11.095906,12.722185,4.5085974
11.848039,13.070257,3.2898057
11.3677,12.385869,3.913231
11.414842,13.350785,3.9085896
11.427964,12.887614,4.338205
11.189732,12.468056,4.355364
11.836067,12.664902,3.6149251
11.115459,12.855866,4.349595
11.301474,12.341229,4.1553435
11.294737,12.666815,4.5938015
11.772529,12.805186,3.3860564
11.6098795,13.249674,3.7565284
5.578506,14.572722,8.342211
11.955194,13.393609,3.8791645
11.563771,13.191442,3.8181174
11.509437,12.786019,3.4728131
11.913946,12.54684,3.4429364
11.653714,13.090377,4.082482
12.13247,13.027721,3.4331944
11.939402,13.162498,3.8151913
11.3908,12.623059,4.316233
11.822794,12.802011,3.5461993
11.91328,12.662077,3.4178927
11.771126,12.90487,3.3021219
11.496316,12.625459,4.176935
11.2257395,12.502809,4.2066336
11.521191,12.477376,4.2762933
11.873572,13.446445,3.8146796
11.602126,13.0490885,3.4838014
10.914271,12.676043,4.4238467
11.55383,13.021733,4.029498
11.5062,12.293069,4.449673
11.243912,12.8497925,4.234933
11.41314,13.081864,3.7430325
11.389039,12.365432,4.2195153
11.945615,13.277287,3.9364848
11.472215,13.150571,3.8271272
11.9509735,12.5405855,3.9129624
11.760534,12.738808,3.6456606
11.871834,12.709535,3.3377397
11.664352,12.815943,3.8187504
11.591466,13.039832,3.4613352
11.968867,12.626136,3.2445648
11.843543,12.937803,3.5271297
11.1689625,12.37199,4.46978
12.035813,12.97745,3.502557
11.520404,12.878498,3.4103377
11.37968,12.575121,4.45026
12.00157,12.497199,3.6190124
12.111382,12.741902,3.3032842
11.323741,12.422445,4.3951197
11.3763,12.642978,4.0659566
11.525576,12.5685835,3.727039
11.188939,12.575011,4.5524626
11.443288,12.493539,3.6768944
12.038896,12.7582855,3.2701955
11.42496,12.961315,3.5079315
11.624199,12.708433,3.5338655
11.287738,12.741074,3.8809457
11.091266,12.742208,4.2711487
11.768533,12.596324,3.8585267
11.179749,12.54308,4.404977
11.681663,12.587365,3.8518584
11.482527,13.047569,3.56002
11.764412,13.321106,3.9905634
11.697363,12.957661,3.4102092
12.064706,13.002922,3.5836577
11.819164,13.248014,3.907709
11.827053,13.267668,4.02737
11.022418,12.377903,4.471236
11.006316,12.60566,4.466722
11.725281,13.391025,3.8674264
11.681645,12.667507,4.100467
11.446336,13.3637085,3.7940204
11.946251,12.904015,3.5359626
11.443106,12.980226,3.7799442
11.526961,12.977974,3.5537684
12.102874,12.610848,3.3037632
12.045406,12.67193,3.3209684
11.9498005,12.841243,3.4195623
12.0166025,12.658319,3.5364237
11.647775,13.29277,3.9479365
12.105241,12.898456,3.4167984
11.635993,12.438867,4.144407
11.562529,12.54731,3.6428463
11.561945,12.94204,3.5566983
11.5249195,13.090338,3.703651
11.892799,12.612952,3.2567234
11.876816,13.324885,4.0071106
12.144598,12.746723,3.207575
11.892558,12.905323,3.4438977
11.852613,12.843879,3.5795078
12.086436,12.765388,3.283146
11.382202,12.783191,4.0016155
11.283765,13.149836,4.0295854
12.012494,12.644749,3.5218422
11.221646,12.480381,4.4567475
1.3700885,6.852679,6.3816957
0.43866304,7.0844035,5.8643785
0.6898414,6.8118477,6.1767864
0.8547052,6.672071,6.286664
1.7347889,6.3266907,6.8431196
1.4050459,6.8644495,6.603548
1.0968819,6.1259136,5.7625427
1.4419525,6.882847,6.3840737
1.1239034,6.5042057,5.8092856
1.704304,6.3968534,6.814814
1.0920134,6.6512465,6.6250544
1.7533451,6.656772,6.622872
0.96538323,6.0689054,6.240691
1.4132661,6.649934,6.424269
1.318234,6.568341,5.9016557
1.2266626,6.913866,6.5701637
1.1356449,6.5466857,5.804317
1.7612777,6.4777374,6.8612065
1.0989755,6.586971,6.663311
1.895875,6.7619953,6.5746946
1.6302358,6.988776,6.2274256
1.5024328,6.591665,6.848989
0.9389019,6.2357945,6.3800817
0.71459335,6.8993564,6.2388616
1.2203115,6.714345,6.7478924
0.81979424,7.028232,6.124554
1.4618999,6.9116054,6.4465733
1.1988273,6.0516253,6.4765334
1.5831425,6.471253,6.7778506
-0.5836367,8.649429,4.4858055
1.3397375,7.042305,6.2146077
0.46538013,6.126638,5.9128957
0.8336222,6.6706505,6.358093
1.3727049,6.2508926,6.746177
1.1196228,6.5907264,6.773244
0.99006504,6.554873,6.612725
1.882037,6.6867733,6.724029
1.0967252,6.4803905,5.9889665
1.5569425,6.783518,6.539253
1.1112592,6.489327,6.708496
1.2988343,6.5736704,6.8914294
1.2386111,6.4277816,6.4879894
0.13731577,7.0756497,5.841241
1.8503995,6.690876,6.4740148
1.5664148,6.503959,6.656835
1.7301562,6.7490253,6.347407
1.4809858,6.2626925,6.7174926
1.2014761,7.0862308,6.13618
0.091044314,6.364703,5.9346466
1.518794,6.58608,6.3666706
0.8156824,6.7749486,6.478838
1.6861384,6.8602414,6.479994
0.6026071,6.896152,5.954783
1.3897256,6.728689,6.8557634
1.1836221,6.907272,6.425581
1.7248361,6.622485,6.8608804
0.7607067,6.881955,6.1894975
1.1731126,6.9082537,6.398098
1.2460431,6.8455687,6.5943236
1.3354707,6.4580603,6.90811
0.75706804,6.7202873,6.178134
1.081851,6.5492535,6.349105
1.6244178,6.472548,6.6052313
0.15471582,7.379065,5.9747205
1.5165755,6.366143,6.7149477
1.2068698,6.211398,6.374841
1.3167697,7.012251,6.5763464
-0.71314824,9.202479,4.688579
1.319837,6.7223835,6.2005553
0.7126268,6.929026,6.119803
0.86550987,7.1264133,5.988578
0.67800474,6.807714,6.024135
1.2797346,7.0817475,6.391937
1.0591877,6.5315475,6.360561
1.1023706,6.6751857,5.8425055
1.8619738,6.6088347,6.7575917
0.74720967,6.73839,5.981597
1.1023688,6.8187747,6.4363623
1.4507704,6.652486,6.2382565
1.727399,6.821448,6.2782416
0.9953024,7.05797,6.060732
0.47929412,6.976121,5.9821568
0.9356955,6.9038424,6.1468663
0.34071174,6.576446,5.897507
1.5802541,6.788853,6.53445
0.16597754,7.1432505,5.737418
0.59923524,6.529706,6.144795
1.1464733,6.2838397,6.5736604
1.7415035,6.9640746,6.5211554
1.1454871,6.3540587,5.8805275
1.7940357,6.453056,6.8587546
0.3381213,7.0339084,5.9795094
1.0060657,6.307892,6.6301517
1.7077404,6.322668,6.8047967
0.9566356,6.92247,6.4287705
0.700552,6.9314103,6.1946497
-0.537579,8.460972,4.564703
1.5834872,6.9859896,6.676166
1.0768311,6.587539,6.2688274
0.81970865,6.6443434,5.890535
0.55068564,7.101409,6.084601
1.247338,6.547716,6.6391106
1.1892526,6.371726,6.619842
1.6410381,6.3007684,6.85102
1.944462,6.550442,6.8315773
0.70177126,7.0030255,6.128494
1.1360708,6.6156077,6.5401483
1.1788186,6.5714836,5.784488
0.7880189,7.164499,6.0413036
1.8407898,6.691391,6.579925
1.3908082,6.883086,6.234976
0.7065851,6.962372,6.26923
0.5315799,6.9530845,5.809755
1.0617294,6.564364,6.361068
1.8323423,6.447235,6.938383
1.3271474,6.6963363,6.8077693
0.61635303,6.917746,6.164967
1.7861289,6.7763486,6.766719
0.7882424,6.293317,6.183855
0.6960905,6.8265195,6.021321
1.5370207,6.64262,6.507715
1.4329045,6.500933,5.967129
1.6671432,6.2987328,6.7430444
0.53674775,6.4634223,6.0378175
1.4769928,7.040531,6.550095
1.4293703,6.481137,6.379834
1.155257,6.186328,6.0564485
0.7278461,6.923585,5.9754834
1.6160512,6.8893623,6.172962
0.9101092,6.697,6.1901727
0.25163555,7.3352323,6.2151814
0.718243,6.985476,6.1625648
0.6650677,7.0270348,6.0836763
0.7426121,6.7486362,6.2170916
1.6656957,6.858698,6.6846223
0.5001901,6.351389,6.020897
1.2916027,7.0083723,6.229675
0.44762126,7.005957,6.0743685
0.37500215,7.026577,5.9308248
0.8109995,7.0467606,5.9805975
1.3567702,6.9413867,6.3505726
1.158195,6.9948864,6.6234565
0.9680338,6.8353944,6.5131836
1.8407685,6.4913955,6.8015304
0.7918428,6.5627813,5.993376
1.2590938,6.93459,6.2613397
1.5444514,6.766493,6.658569
1.7006868,6.7213664,6.422167
1.5092965,6.765016,6.340969
1.2229289,7.010697,6.4961033
0.5709387,7.071516,6.178321
1.4232683,6.604871,6.890549
1.6550449,6.416843,7.058171
1.895567,6.6798053,6.573092
1.4019482,6.7981434,6.785456
1.2111776,6.495982,6.700985
0.9325851,6.6480417,6.5507894
12.485068,8.939611,7.688978
12.40098,9.245016,7.496569
12.570034,8.654788,7.524802
12.308163,9.286979,8.145192
12.39644,8.817168,7.531798
12.344096,8.545823,8.224405
12.656135,9.1530075,7.77524
12.267382,9.560881,7.8807707
12.044579,8.835733,7.9332213
11.990688,8.814397,7.68068
12.54159,8.249722,7.8685427
12.5208235,8.472679,8.12414
12.369355,9.606964,7.87095
12.467817,9.183787,7.2298217
12.703938,8.996989,7.59703
12.551396,8.353823,7.8024607
12.540676,9.119225,7.553492
12.039246,8.687167,7.985839
12.316859,8.679904,7.5024676
12.3531275,8.943051,7.3332376
12.504453,8.891555,8.293406
12.355249,9.357949,8.186249
4.8902645,15.639244,8.347256
12.337148,9.234415,7.7533584
12.35008,9.178513,7.3267193
12.19277,9.191757,7.609531
12.4968815,8.340688,7.872789
12.649806,8.959488,7.892468
12.636316,8.918645,7.8359704
12.202415,8.696945,7.424622
12.005531,9.138165,7.6292925
12.679766,9.017584,7.4137387
12.024549,8.855034,7.758961
12.000648,8.808453,7.545457
12.41462,9.095197,7.259459
12.254403,8.975989,7.982707
12.536967,8.298092,7.8839455
12.150168,9.196483,7.9096813
12.352382,8.468974,7.9899406
12.4042845,8.527775,8.161379
5.3492017,14.753888,8.403429
12.347861,8.771755,7.4709635
12.019313,9.044046,7.8505106
11.998372,8.7727165,7.9637275
12.310961,8.366457,8.2206135
12.645943,8.329873,8.021886
12.533063,8.375496,8.046345
11.898759,8.840342,7.5429754
12.673384,8.618769,8.152075
12.100316,8.982078,7.97067
12.507974,8.678272,7.7683926
12.363471,9.227802,7.2276893
12.763779,8.581555,7.7575636
12.5120125,8.341625,8.156441
12.395803,8.4538355,8.306659
12.742455,8.555061,8.07991
12.513411,8.344212,8.191915
12.348724,8.734122,7.56182
12.404234,8.999467,7.2539144
12.578196,9.109258,7.1734962
12.343228,8.981297,7.282179
12.109324,8.881839,7.427238
12.23649,8.802176,8.055848
12.301606,9.244842,7.5257363
12.4682455,9.264405,7.322193
12.4302025,8.541526,8.148401
11.9923935,8.533425,7.949481
12.312085,8.475396,8.218162
12.014449,8.934978,7.527817
12.654385,8.421381,7.9649887
12.306964,9.372164,7.8494453
12.595947,8.635498,7.6209784
12.431568,8.398718,8.1129265
12.587633,8.335571,7.9327545
12.654285,8.378525,7.7498527
12.608603,8.908161,7.5086265
12.352164,9.213042,7.4363027
12.448557,9.034148,7.3485847
4.9720135,15.493045,8.330042
12.047383,8.765436,8.0395355
12.186779,8.991709,7.7107882
12.448176,8.47883,8.117487
5.7807884,14.360179,8.414521
12.644066,8.927279,7.6004567
11.908698,8.725716,7.791448
12.562295,9.022026,7.901331
12.108787,9.302452,7.764786
12.484627,9.0347395,7.302443
12.33152,8.487703,7.9525776
12.1114855,8.709502,7.9801626
11.690052,12.135165,4.442331
12.458811,8.874757,7.243485
12.011513,8.953336,7.955796
12.251269,9.516172,7.7061353
12.4450245,8.924906,7.5181723
12.452718,8.741215,7.6515355
12.507587,8.480004,8.17122
12.293917,8.8750925,7.1828084
12.116554,8.905401,7.4753294
12.40966,8.435491,8.265639
12.608737,8.719111,7.7217293
12.42611,8.943277,8.248304
12.098165,9.29192,7.836015
12.640587,9.033251,7.5335393
12.11175,8.643665,7.9810348
12.23257,9.419028,7.958378
12.155838,9.2332945,7.701369
12.261881,9.116701,7.979776
12.35016,9.502947,7.945674
12.365368,9.422206,7.998076
12.381799,8.796567,7.301598
12.259917,8.586502,8.124478
12.71822,9.002449,7.8501143
12.225018,9.095444,7.525258
5.398618,14.526804,8.471438
12.2374,8.490923,7.875546
12.32859,9.274837,7.7446423
12.359864,8.77813,7.211566
12.171593,8.701506,7.874004
12.250576,9.130165,7.9500628
12.409233,8.987268,8.298246
12.522648,9.120163,7.276905
12.544572,9.0383215,7.3192353
12.48099,8.93113,7.904145
12.501487,8.599422,7.660154
12.116882,8.658168,7.904506
12.179481,8.570998,8.065804
12.283066,9.498046,7.961541
12.268974,9.632304,7.9695897
12.410979,8.872433,7.9536705
12.01769,8.698347,7.9779973
12.665737,8.596728,8.199991
12.230586,8.886249,7.7327394
12.193718,8.8465395,7.9941254
12.174253,9.38248,7.8214087
12.482204,8.951173,7.227173
4.849212,15.641738,8.29315
12.604473,8.484194,7.9611382
12.412504,9.383596,8.050738
12.239994,8.783236,7.38728
12.1438,9.184362,7.9298573
12.43342,9.187337,7.473544
12.189944,9.297024,7.7379947
12.623822,8.965957,7.414764
12.05791,8.5615835,7.8815236
12.314224,9.148756,7.421394
12.46148,9.394286,7.916366
12.45773,8.494822,8.351358
12.179057,8.99101,7.9299073
12.509875,9.180071,7.154587
12.143092,8.723836,7.2888484
14.572686,2.754099,6.145256
14.84171,2.792095,6.224854
14.450658,2.3899412,6.554952
14.706064,1.8714458,6.1551332
14.544141,2.8688653,6.1647916
14.557186,2.665279,6.1193714
14.863423,1.6550034,6.2264347
14.681714,2.094039,6.357593
15.370509,2.1694243,6.036389
14.721989,2.1589534,6.2898474
14.614625,2.5276453,6.1638675
14.585446,2.8156815,6.2155757
14.904194,1.7216945,6.385189
14.431652,1.9782655,6.4523168
15.186238,2.4977534,6.0652146
15.262749,2.6459575,6.287947
14.421051,2.389468,6.188905
14.703889,3.1531854,6.359356
14.970296,2.1961923,6.653061
15.212579,2.3549566,6.14859
15.0917,2.0777178,6.6989374
14.480821,2.6238995,6.3425198
14.770812,2.373572,5.968301
15.190865,2.2455258,6.069335
15.049551,1.8791867,6.1648836
14.908231,2.68241,6.3443637
14.806976,1.7807734,6.5895452
14.517059,2.2769535,6.009568
14.4703245,2.1554182,6.4235897
15.379649,2.3132203,5.8714585
15.081526,2.3678885,6.171567
14.743066,1.8229901,6.0914116
14.5151,2.7645893,6.120665
15.061429,1.9330044,6.5742183
15.363118,2.5717494,5.868416
15.326094,2.2479084,6.0223165
14.831766,2.3111873,6.544743
14.586021,1.9079586,6.161073
15.139194,1.8376558,6.4786057
14.961197,3.025967,6.835229
15.085881,2.610214,6.4626446
14.886877,3.3769026,6.588186
14.891858,1.6927372,6.2645154
15.049238,2.6788058,6.535577
14.906538,2.3691244,6.7012725
15.133523,2.0706894,6.598108
14.581732,1.9694313,6.1280584
14.942018,2.4129457,6.1912365
14.928476,2.9295173,6.142511
14.899907,2.3135114,6.6823335
14.938103,2.3233469,6.4807997
14.693271,2.0716753,6.4492526
15.129329,2.1229038,6.484181
14.921197,2.2421274,6.5494986
14.765495,3.134247,6.565574
14.545351,2.0657308,6.582707
14.689519,2.1728508,6.3936076
14.940374,1.9818215,6.497183
14.609691,2.484494,6.1240454
14.568651,2.805375,6.0768156
14.44811,2.756154,6.440968
14.561179,1.906508,6.053547
14.647503,1.8838484,6.022477
15.107372,2.6873488,6.1921
14.507775,2.2507894,6.528712
14.620407,2.5711882,6.170857
15.110718,2.6357994,6.505931
5.0666018,15.407492,8.314747
14.78519,1.8039318,6.5614657
14.540665,2.2431996,6.006917
15.085662,2.338493,6.5624433
14.781271,1.7106503,6.201706
14.931355,2.1287684,6.4014854
15.300539,2.5082922,5.9177423
15.185976,2.1873374,6.3316593
14.87257,3.411041,6.50407
15.047851,2.2965705,6.02456
15.018199,2.752619,6.067924
14.848686,2.4528708,6.318854
14.657073,2.8258827,6.1447935
14.53388,2.2812836,6.03526
5.6208754,14.468631,8.31893
14.720181,2.2589662,6.2117023
14.653848,1.8602247,6.453926
14.950441,1.8889135,5.904508
14.710972,2.7482715,6.469577
14.821545,2.4935796,6.870363
14.528563,2.7132096,6.235745
14.589135,2.4048774,6.4206314
15.332328,2.4246855,5.9048576
14.949347,2.140368,6.7996917
15.169527,2.4529505,6.1284404
14.499465,1.9848793,6.3791876
14.904743,1.9223334,6.7169647
14.809778,2.413854,6.5752745
15.022275,2.2329865,6.581459
14.932384,1.9023706,6.477211
14.416671,2.4881482,6.365093
14.660299,1.7820437,6.2501464
14.773651,1.9720395,6.400866
14.867286,2.8171175,6.3875504
14.423949,2.0673292,6.078716
15.047706,2.647762,6.403941
15.19359,2.0573478,6.572643
14.937551,2.5734081,6.5902553
14.563383,2.1293223,6.4346333
14.805431,1.7622491,6.4129076
15.050754,2.380984,6.111889
15.016103,2.5132916,6.4690757
14.519469,2.1121569,6.510024
14.8419485,2.6132293,6.296362
14.872093,1.9925764,6.5965195
14.8609,2.4220273,6.7282515
14.626887,1.9550098,6.046358
15.39448,2.3522022,5.8820634
14.708348,2.1079147,6.551175
15.045191,2.093209,6.284117
14.965856,2.8415267,6.5578203
15.09977,2.649403,6.249274
14.536693,2.0118217,6.186524
14.975176,1.7666482,6.4585357
15.005347,2.255868,6.5470424
15.175418,2.170564,5.9973907
14.8588295,2.0246148,6.5803103
14.822319,1.9493062,6.002265
14.717657,1.8492404,6.3140693
14.666843,1.9066492,6.040644
14.778117,2.2499356,6.351004
14.975856,2.0183232,6.3832593
14.544635,2.1604295,6.4024467
15.062077,4.1747794,7.0756598
15.191529,2.306932,6.0333996
15.205163,2.3391352,6.090358
15.015498,2.7649884,6.18487
14.952427,2.49556,6.825685
15.2371,2.2929556,6.0095673
15.302832,2.4021952,5.9220862
14.992948,2.8394682,6.2877126
14.789107,1.9592164,6.107813
14.615339,2.2480392,6.2280297
15.017257,2.7212434,6.223519
14.646345,1.9055059,6.114647
14.790729,1.9998236,6.5243874
14.659026,1.8904998,6.169305
15.135803,2.0065684,6.3631415
14.580593,1.9707217,6.042619
14.626762,2.0376904,6.241459
15.075781,2.0036173,6.1013627
15.009979,2.3841221,6.6437144
14.930846,3.0418673,6.4524856
14.665044,2.4280694,6.398767
15.050104,2.2020948,6.7602863
-3.4292166,4.688789,0.5360776
-3.1353102,5.1555233,0.75723064
-3.9313314,4.6143885,0.74881285
-3.2275968,5.018853,0.62552524
-3.6890132,4.9214926,1.0259979
-2.6515822,4.3846545,-0.047611177
-2.8155956,4.123391,-0.34028438
-3.1643207,4.7264085,0.74741876
-3.7076974,4.7201233,0.8669501
-3.1791115,4.874171,0.63183063
-3.7070239,4.642596,0.5852365
-3.4400523,4.501365,0.7234154
-2.7143192,4.2933545,-0.13773486
-3.3143036,5.325658,0.8146465
-3.4272113,4.8152733,0.7447911
-2.570236,4.268268,-0.06861328
-2.7425594,4.229308,-0.16122726
-3.1514068,4.4983315,0.5729546
-2.6674585,4.362001,-0.24001254
-3.5209887,4.479861,0.74528414
-2.7348325,4.24102,-0.23827817
-3.640098,4.449209,0.852516
-3.8162665,4.635246,0.40007982
-3.3958244,4.522981,0.34280223
-3.4300394,4.8866534,1.1516006
-3.124748,5.290925,0.49377558
-3.3293352,4.5676045,0.5476247
-2.7911298,4.391038,0.014247882
-2.599637,4.4884324,-0.021609588
-3.4407454,5.1150975,1.1750761
-3.6203122,4.576054,0.4666321
-3.1742384,5.1151094,0.6916933
-2.618416,4.256088,-0.17290635
-3.6734228,4.902224,0.5964207
-3.776897,4.538256,0.8266318
-2.7079697,4.4639325,-0.039904274
-3.7488356,4.92925,0.7740793
-3.0524058,5.1575627,0.6655289
-3.7492223,4.519814,0.77563083
-3.0294504,4.5685773,1.0075957
-3.9510965,4.7943673,0.6371039
-3.3055825,5.2784495,0.59364367
-3.5334463,5.1102366,0.9884536
-3.175205,4.505137,0.92785853
-3.0532966,5.0348387,0.36041614
-0.5937057,8.611981,4.4355044
-3.5104618,4.956816,0.6387181
-2.6293383,4.819123,0.95554215
-3.1036618,4.606766,0.8049569
-3.594249,4.87596,0.6966338
-3.7352424,4.8769383,0.7075885
-3.3310475,4.3508544,0.47111118
-2.916094,4.375736,-0.08425038
-3.436855,4.607816,1.06165
-3.355709,4.618242,1.1346375
-3.574586,4.733609,0.624701
-3.093075,5.2026777,0.7595979
-2.8315966,4.4085946,-0.23323447
-3.4593139,4.9091625,1.0941112
-2.823478,4.8744435,1.067174
-3.409763,4.72436,0.3808546
-2.9309921,4.322455,0.76834697
-3.1826856,4.4412284,0.5193574
-2.8306649,4.3704996,-0.20680664
-2.9981935,4.8882804,0.8426311
-3.7267458,4.5125527,0.78102535
-2.7807572,4.2927837,-0.22887136
-3.7323031,4.8235073,0.85742724
-3.2254703,4.6477137,0.82405734
-3.7563143,4.3826294,0.9634237
-3.4222229,5.193052,0.78361046
-3.4463665,4.5847664,1.0065938
-3.6343646,4.7340927,0.45789388
-3.2591953,4.4849906,0.95189893
-3.322705,4.483562,0.53743166
-3.600939,4.933388,0.60513926
-3.5711777,4.939096,1.1715384
-3.131777,4.439857,0.58182126
-3.1230135,5.3545394,0.62780124
-2.9423575,4.787859,0.84788054
-2.7395864,4.593312,0.27005556
-3.17775,5.052182,0.74718535
-3.3003223,4.998239,1.2154571
-3.271747,4.514338,0.47342214
-2.912103,5.058137,0.7946955
-3.898681,4.7381253,0.7111944
-2.7245932,4.447967,0.077347815
-3.3883865,4.7327695,1.0092905
-3.5448349,5.187844,1.050532
-3.5627139,4.982157,1.1465929
-2.8432736,4.753971,0.10511545
-3.0204947,5.2204394,0.63962585
-3.5922709,5.045834,1.0029522
-3.2329955,4.436116,0.34727606
-3.5895355,4.475648,0.5972396
-3.6593401,4.4652643,0.9023461
-3.8977323,4.7980533,0.6927332
-3.6552203,5.0696707,1.056934
-2.712462,4.3859096,0.37755325
-2.783618,4.513691,-0.14534579
-3.8435209,4.7909884,0.7467751
-3.2054694,5.272649,0.67196876
-3.2997048,4.904571,1.2160505
-3.393925,4.851149,1.1850859
-3.1843617,4.6794643,0.8481772
-3.84074,4.584212,0.4613941
-2.3694453,4.649645,0.7404948
-3.7880707,4.784341,0.712374
-3.319513,4.6647406,0.56706613
-3.1488054,4.8759003,0.9166382
-3.5383976,4.490139,0.7400883
-2.9254565,4.8598824,1.0567684
-3.231679,5.09027,0.73030466
-2.929581,4.828433,0.9610539
-3.2174869,4.3220935,0.42938253
-3.0111246,5.27623,0.6146699
-3.5566158,4.758718,0.8524014
-2.6860507,4.4396996,0.061977234
-2.6421373,4.2518225,-0.18526033
-3.2264516,4.826834,0.31718707
-2.8137994,4.428105,-0.04807835
-3.1945965,4.385809,0.5398592
-3.7955534,4.608409,0.54780996
-3.6602278,5.0576906,0.9010415
-3.2718766,4.9450364,0.6735987
-2.7377129,4.7789974,1.0075194
-2.6910357,4.350735,-0.098780856
-3.3072429,4.4495707,0.58520865
-3.5182898,4.786527,0.5474756
-3.4346683,5.074661,0.85105705
-3.4216213,5.330741,0.7576799
-3.1116762,5.270962,0.54233056
-2.6163278,4.2523913,-0.01507681
-3.8050783,4.5848017,0.6953941
-3.5729802,4.644672,0.3644679
-2.798833,4.343513,-0.08682242
-3.1456645,5.144612,0.5149085
-3.5290241,5.0610776,1.0780666
-3.4186683,4.8912024,0.5786123
-3.6251123,5.0557323,0.8668691
-3.443149,4.674797,0.8895849
-3.4979186,4.8232784,0.52291214
-3.7379248,5.014769,0.5804915
-2.8377972,4.376719,0.0005667556
-3.2838354,5.0609913,0.9441011
-3.4011774,4.501068,0.681345
-2.5134308,4.6470127,0.8202895
15.54412,5.440462,7.519227
5.752793,14.418513,8.387359
15.575467,5.650133,7.195407
15.663856,5.404982,7.3213058
4.915527,15.592938,8.3076725
15.5581875,5.5784445,7.9705477
15.170866,5.3915663,7.6299605
15.140417,5.793407,7.3821917
14.678051,6.0020432,7.7972436
14.968115,5.597186,7.3361306
15.716312,5.5815034,7.457075
14.727059,5.8449297,7.453975
15.516098,5.5246773,7.7708793
14.840994,6.3258553,7.6794276
15.42092,5.414239,7.5792346
15.149466,5.880916,7.890284
15.660271,5.6318145,8.015723
14.703583,6.177565,7.797729
14.911664,5.7121563,7.2702713
15.488841,5.8571725,7.4408326
4.9767957,15.6047735,8.36735
15.094335,5.7360888,8.062567
14.7264185,5.953736,7.776404
15.531875,5.4809875,7.6809406
14.650376,5.791338,7.2813115
15.05439,5.9566097,7.3478174
15.671555,5.616246,7.378242
15.605449,5.323298,7.3812356
14.958626,5.5435743,7.719623
15.363786,5.4616046,7.7413383
15.608041,5.659733,7.8141584
5.26367,14.820115,8.429751
15.149921,5.9878335,7.7993507
14.935628,5.6152196,7.8851633
15.372691,5.777619,7.4889116
14.895236,5.9337835,7.929108
15.106158,5.727549,8.009025
15.302389,5.675808,7.743834
14.984656,5.8526464,7.3046327
15.2185545,5.9152923,7.684787
14.914305,6.3665576,7.618453
14.641639,5.6796947,7.6720543
15.117359,5.1088924,7.412478
15.653972,5.6540956,7.623295
15.4325905,5.7752085,7.2144547
14.662615,5.374218,7.643545
11.678624,11.951691,4.6359496
15.174606,5.06364,7.6009226
15.469222,5.525554,7.875056
15.567641,5.300796,7.5392776
4.9207883,15.586418,8.313615
15.2711935,5.99146,7.8295774
15.118728,5.9450827,7.5662894
14.762088,6.3326154,7.406606
15.102825,5.518317,7.792353
14.727565,5.886316,7.5767393
14.913649,6.2034645,7.7172894
14.684002,5.9545856,7.3337426
5.3703685,14.547987,8.4567795
15.486771,5.7887645,7.8868923
15.645291,5.510265,7.172933
14.820983,4.9866614,7.4251003
15.396127,5.6833405,7.361061
15.07847,5.892177,7.2588325
14.8202505,5.963291,7.8607497
5.4159956,14.601395,8.379438
14.949117,5.6741295,7.9391375
15.343029,5.567808,7.6370687
15.572177,5.211498,7.238605
14.718138,5.859916,7.472102
15.522684,5.7230296,7.914495
14.740792,6.026625,7.4743495
15.0456705,5.6939273,7.86059
14.846819,5.218404,7.6002803
15.452727,5.731872,7.936772
15.0815325,4.6240964,7.2868323
15.593924,5.6587634,7.4254093
14.772884,5.7564735,7.5844536
15.03443,6.081382,7.841232
11.460919,12.167734,4.6170373
14.756054,5.743392,7.251812
15.350434,5.2840724,7.2588253
14.868556,5.871338,7.5023165
14.948591,5.652819,7.7736588
15.51729,5.6750627,7.910213
15.465078,5.879022,7.5447946
15.206929,6.033393,7.793279
15.443909,5.80543,7.4012566
15.46932,5.6914935,7.8780613
15.05565,5.7177696,7.263027
15.044788,5.6818795,7.8673434
15.36471,5.6485286,7.962147
14.827559,5.581582,7.3973613
15.430799,5.810705,7.6403737
15.58324,5.6819596,7.934696
15.299905,5.016204,7.514771
15.534501,5.5421076,7.2646003
15.214408,5.635123,7.8968024
14.956158,5.5827465,7.64297
14.641587,6.023721,7.821188
15.124747,5.843789,7.314514
15.181965,4.969805,7.603655
14.97028,4.8149757,7.36411
14.808468,5.7695336,7.574012
14.815439,5.7408667,7.4376864
15.132032,5.728559,7.9246106
15.399871,6.095355,7.8664303
15.69518,5.4387774,7.2866654
14.671771,6.1293178,7.8205137
15.2749605,5.7209644,7.5115213
14.70234,5.6342793,7.540384
15.633368,5.462632,7.3898087
15.622682,5.274128,7.2210913
15.500336,5.9463387,7.776191
5.3853307,14.659082,8.471007
14.6632185,6.0543623,7.7841063
4.879068,15.568682,8.251398
15.243669,4.882963,7.3905883
14.887643,6.2648563,7.7236156
14.984895,5.890755,7.608572
14.738526,5.943888,7.746227
15.450448,5.5861745,8.046272
15.6376505,5.498993,7.642376
5.58813,14.6641245,8.620826
15.61767,5.7966537,7.7510157
15.734153,5.599135,7.5164547
15.683676,5.3733582,7.322951
15.545323,5.408213,7.153818
15.50164,5.6059093,8.059934
15.250198,6.111013,7.822027
15.352913,5.9649644,7.5266395
15.324086,5.4118586,7.9296227
15.537496,5.760815,7.6095853
15.335934,5.6858997,7.73057
15.2077,5.4615755,7.278739
15.294669,6.0421057,7.593021
15.112312,4.733155,7.2897334
14.995181,5.6722865,7.289701
14.685554,5.735347,7.4922915
14.976571,5.906913,7.663524
15.561815,5.2660317,7.2866836
15.373505,5.7134767,7.9054728
15.265008,5.7635674,8.0112915
14.9678955,4.7723775,7.399852
14.940122,5.722313,7.8958607
14.750916,6.1506357,7.7859545
15.203967,5.726767,7.4410105
14.875836,5.5937824,7.4667063
14.678066,6.089141,7.7035184
15.395384,5.698267,8.158893
14.99675,5.878659,7.4556046
5.4419866,14.649313,8.521282
14.910093,5.446075,7.2597957
15.105796,6.195504,7.7717137
15.11269,4.6707673,7.2664433
14.595573,5.67454,7.571038
14.966663,4.4073524,7.131362
15.589373,5.591578,7.290128
14.798075,5.4129033,7.661494
15.414612,5.35849,7.21026
15.59193,5.6354976,8.035828
-1.1317198,8.760343,10.54276
-1.0243267,8.888003,10.051468
-0.8786401,9.584686,9.194106
5.215543,14.929314,8.433849
-1.373258,9.189161,10.162219
-1.0797191,9.377633,10.41709
-0.8446819,9.955453,10.334999
-1.118527,8.993364,9.987729
-1.1773583,9.360387,9.709471
-1.027825,9.186837,9.729665
-0.97272444,8.95592,9.756681
-0.7018801,9.119148,10.295225
-0.75485075,9.938675,10.2295265
-1.0908998,9.168964,9.457902
-1.3782429,9.328693,10.162421
-1.3361633,9.218727,9.995813
-0.4666705,9.062499,9.60567
-0.7661286,9.974852,10.256686
-1.0650262,9.1464615,9.622163
-0.8435173,9.8120165,9.593201
-0.79921263,9.985897,10.368013
-0.9910636,9.035011,9.808853
-1.1962106,9.284465,9.709982
-1.4839281,9.45126,9.915446
-1.0091726,9.063858,9.63697
-1.126726,9.187075,10.578262
-0.97660244,9.776064,10.347214
-1.0318373,9.18962,9.395349
-1.0911965,9.55029,10.231073
-1.3456967,9.038414,10.575636
-1.1664131,9.009082,10.350804
-1.2501522,8.763586,10.489719
-1.0765376,9.796718,10.07858
5.450264,14.553806,8.448376
-1.1881298,9.521228,9.599561
-1.2553117,8.814232,10.186731
-1.1919143,9.435447,10.31326
-1.2877778,9.178771,10.233708
-1.0644525,8.716821,10.740676
-1.3092908,9.258235,9.73388
-0.8669839,9.624224,10.517561
-1.2548531,9.384713,9.932738
-0.9015888,9.658669,9.87624
-1.2083021,8.87375,10.204963
-0.5312223,9.448718,9.958107
-0.8201074,9.648172,9.520074
-0.79603744,9.550464,9.595177
-1.1565685,9.059301,9.90821
-0.87468964,9.233156,10.101611
-0.9413566,9.696364,9.490615
-0.7840271,9.615278,8.565354
-0.7709073,9.906696,10.399519
-1.0789658,8.755308,10.639409
-0.9713297,8.669127,10.742642
-1.3720926,9.359656,10.089679
-0.93095636,9.16779,9.5146265
-0.77877533,9.544047,8.960364
-1.2711887,8.893688,10.512528
-0.7988857,9.5373955,8.678394
-1.134626,8.949639,10.403849
-0.53315157,9.388993,10.32747
-0.88394105,9.776232,10.060181
5.457796,14.441804,8.531423
-0.9356151,9.060326,10.3474655
-0.6292537,9.434941,10.096674
-1.1872784,8.688021,10.651479
-0.8263478,9.856328,10.379689
-0.84477407,9.2853,9.469104
-1.2511535,9.149301,9.729787
-1.229908,9.006969,10.065324
-1.0434344,9.588183,9.489953
-1.0085866,9.554131,9.307663
-0.92305076,9.533954,10.40525
4.9155436,15.591068,8.278579
-1.0853646,8.999252,10.33191
-1.1756976,9.532847,9.512324
-0.5939733,9.14267,10.134626
-0.97348166,9.6184635,10.377862
-1.3090931,9.224422,10.208248
-0.80327326,9.588629,9.745546
-1.1541325,8.895166,10.174764
-1.1015307,8.772234,10.673183
5.184208,14.976651,8.39871
-0.6629986,9.697127,10.472088
-0.8955537,9.4433775,10.220414
-1.0871506,9.1546135,10.387285
-0.8962872,8.995934,10.240407
-0.69926685,9.934585,10.401345
-1.1352118,9.554253,10.23623
-0.6767657,9.206671,10.064737
-0.5242381,9.353026,9.930929
-1.1107429,9.4949045,9.377531
-1.0932331,9.5349245,10.096618
5.3976827,14.509802,8.452349
-1.0353032,9.58725,9.181238
-1.1488812,8.893037,10.649238
-0.8932468,9.041083,9.71647
-0.68848693,9.833494,10.058982
-1.2443758,8.740431,10.6207695
-0.82556814,9.524365,9.990715
-0.69597876,9.2810135,10.372372
-0.9031411,9.795745,10.134212
-0.8617725,9.249957,9.954696
-1.0391186,9.4300585,9.376239
5.574952,14.540831,8.320495
-0.8457128,9.190749,9.662
-0.7727927,9.593718,10.446627
-0.99204504,9.740321,10.092333
-1.1764154,9.705432,9.958265
-1.1382129,8.9057045,10.6147785
-1.0754006,9.498972,9.071807
-1.2299814,9.652287,10.110186
-0.8804545,9.821316,10.043005
-1.1587423,9.444062,9.921711
-0.968531,9.303359,10.045468
-0.65679795,9.603869,10.487773
5.384795,14.683653,8.435497
-0.87749773,9.338001,10.525247
-1.4020193,9.42187,10.136636
-0.7170715,9.886848,10.47123
-1.3441662,9.301678,10.028762
-0.7718053,9.594607,8.514002
5.15367,14.161264,8.412902
-0.6419068,9.398313,10.458539
-0.69708,9.117189,10.246936
-0.9485854,9.544552,8.894086
-1.2474798,9.095726,10.505366
-1.0338619,9.362031,9.285532
-1.0060437,9.684442,10.144925
-1.1771108,9.223959,9.700932
-0.894336,9.374714,9.938873
-1.113178,8.868274,10.6717615
-1.1177076,8.92322,10.360817
5.202965,14.129465,8.441908
-0.88886464,9.537449,10.082379
-1.3808452,9.232636,10.109449
-0.89127815,9.710953,10.471124
-1.0608242,9.463186,9.082287
-1.1404941,8.900822,10.619994
-0.9568694,9.409069,9.2369585
5.5692105,14.4205065,8.621103
5.4831786,14.53531,8.470953
-1.2082466,8.941792,10.549489
-1.3628352,9.321283,9.8264885
-0.93546075,9.446242,9.690955
5.501062,14.48067,8.477337
-1.2700562,9.495983,9.533098
-0.8990153,9.522163,8.78916
-1.0091949,9.162449,10.449345
-0.5882361,9.4500065,10.020902
-0.7268935,9.131678,9.598441
-1.4736809,9.286107,9.77778
-1.1480523,9.438639,9.514911
-0.723021,9.877491,10.316588
5.1903467,14.21309,8.417485
-1.3083233,8.824227,10.730265
-1.0543096,8.8995285,10.189781
5.4684224,14.409522,8.567982
-1.3043646,9.512896,9.383088
-1.0375504,9.510897,9.4892
-1.0081725,9.394214,9.254966
-0.8099488,9.813098,9.826763
-0.8997309,9.225373,9.618295
-0.91973245,8.935975,10.577208
-1.1444956,9.294417,10.280938
-0.7151628,9.721392,9.914402
-0.7037467,9.5021715,10.35559
-1.08623,8.946783,10.6377735
-1.3555552,8.846882,10.257178
-0.9340427,9.092531,10.009218
-0.62048817,9.246221,10.427849
-1.2730861,9.25921,10.346686
-1.4479319,9.376552,10.010357
-0.8055483,9.394412,10.40259
4.867318,15.638668,8.2581215
-0.73124975,9.126551,9.953298
-1.1443433,9.40325,10.206516
-1.3403758,9.337694,10.178352
-1.0907158,9.195419,9.675286
-0.5148071,9.313646,10.321531
-0.9737563,9.6773,9.428566
-1.0028079,9.611701,10.106687
-0.9810805,9.170206,10.24981
-0.83813393,9.562819,8.747909
-1.1729215,8.910919,10.534902
-1.262502,9.030866,10.256962
0.47826704,4.441055,6.120625
0.22923991,5.473287,5.9101443
0.49956897,4.798266,5.781428
0.8178117,4.960157,5.483598
0.80206287,4.690181,6.2819247
-0.12829342,4.7968616,5.7262297
0.024175514,5.0901275,6.311875
0.70177585,5.052048,6.1698866
0.8260527,5.0255265,6.3969164
0.2555717,4.27998,5.9571037
0.65580434,4.7929716,6.357687
0.23289593,5.322365,5.9191017
0.9684096,4.9227858,6.267729
0.012464474,4.5847826,5.7447085
0.39662135,5.125075,5.3661327
0.2803767,5.129056,6.3250475
0.098069504,5.0183277,5.698184
0.33047095,5.123423,5.9789066
0.6390909,5.1531234,6.324991
0.21939915,4.3924804,6.0872927
0.7746556,5.4324274,6.414773
0.7583912,4.6684875,5.8952208
0.44067574,4.57034,6.0671387
0.019726316,4.5676885,5.6464396
0.3893952,4.854771,5.6842937
0.44358632,4.466052,6.19668
0.80508673,5.1273437,5.786055
0.92397195,4.905658,5.875351
-0.12108707,4.966557,5.5809765
0.4111378,5.0638843,5.776544
0.7802613,4.9080424,6.038196
-0.042155117,5.1073933,5.9902964
0.5303545,4.637556,6.1319227
0.21285659,4.366337,6.248297
0.19420244,4.5734363,6.0858016
0.10294598,5.416997,5.520337
0.11423325,5.2770753,5.9176087
0.09418684,4.676185,5.510413
0.6112643,4.9936113,5.341246
0.6010322,4.4305367,6.189734
0.48683593,4.672872,6.3012295
0.47234252,4.351401,6.147882
0.5268468,4.8080797,6.3061028
0.1713841,5.0608253,6.357022
0.44002852,4.3058133,5.9838076
0.57547563,4.581872,6.3058815
0.6263607,5.10593,5.458329
0.5146111,5.430756,5.972981
0.27961743,5.40171,5.592151
0.73263013,4.9192557,5.291047
0.66825444,4.806772,5.5472093
0.79386336,5.0776997,5.7798104
0.40820587,4.699936,6.325822
0.11452759,5.1220803,6.084939
0.8055415,4.634838,5.867395
0.14893036,4.639569,5.5248823
0.6101655,4.698542,5.9453197
0.38634345,5.1853404,5.5326614
0.23063836,4.3442025,6.0167074
0.40448806,4.2479286,6.1206093
-0.022414755,5.0132966,6.0246053
0.27909613,4.807864,5.990024
0.028335927,5.082766,5.8781924
0.10264599,4.7870016,5.8195314
0.35501954,4.8940697,6.099076
0.47465846,5.25025,5.5815964
0.16480438,5.016882,5.4969707
0.29967928,4.2760963,6.0931168
0.13571504,5.1143794,5.5471244
0.49985635,4.5511684,5.976911
0.48026532,4.351602,6.130771
0.19832532,5.28035,6.2421117
0.5842293,4.8831606,5.766235
0.025612658,4.906867,6.0824127
0.5450018,5.2397738,6.0810366
0.4960138,5.414322,5.6675
0.7431335,4.503326,6.1324224
0.27023366,4.861684,6.4404736
0.27629438,5.48125,5.442948
0.2680661,4.592219,6.1455574
0.3471564,4.957895,5.9837794
0.2242659,4.9227133,6.4197974
0.21309704,4.6926723,5.720373
-0.0145312175,5.4904194,6.098613
0.698199,5.0703673,6.0728164
0.42973548,5.5566907,5.7514577
0.3249416,5.3028016,5.653782
0.6107595,4.471207,6.142604
0.1809711,4.6787467,6.298469
0.08746948,4.989888,6.263853
0.63642555,4.89493,5.4723287
0.36083642,4.9370165,5.7940974
0.4550553,5.4474382,5.9430385
0.269463,5.368524,5.501307
0.034907028,4.7201734,5.6387396
0.3290697,5.004002,5.795976
0.4726626,4.9226584,6.4386463
0.0058971834,5.42827,5.8657045
0.24403863,4.7750998,6.2065268
0.7747664,5.0156536,6.1627946
0.06741088,5.010967,5.7708225
0.6085552,5.13882,6.251063
0.5154276,5.164833,5.908968
0.26985806,5.4127064,5.578933
0.2649064,4.682535,5.872897
0.18377484,4.8065443,5.5531874
0.3401696,5.206478,5.6105165
0.5708509,5.138645,6.2518854
0.6219603,4.9531965,5.3517323
0.10493868,5.5976586,5.722281
0.6199789,4.813687,6.117192
0.66005176,5.0116515,5.938009
0.0048893862,4.8866906,5.816173
0.16386746,4.603809,5.7064676
0.4729806,4.756614,5.9225564
0.5614007,4.9449553,5.9778914
0.48790544,4.7587256,6.184755
0.4493651,4.9568152,5.915309
0.61124,5.0167975,5.8007545
0.14462946,4.4219713,5.83447
0.5269474,4.366791,6.086602
0.5695813,4.8274755,5.998056
0.2808351,4.373147,5.9677606
0.088848256,4.75915,5.813105
0.36275944,4.9248967,5.682941
0.91745013,5.396915,5.8751903
0.10494555,4.5779467,5.7147045
0.39620343,4.9202147,6.4170184
0.15937693,4.578115,6.2365174
0.63593733,5.0223093,6.281671
0.06984793,4.616463,5.6365314
0.33155125,5.428154,5.6444774
0.22766511,4.3536167,5.8192186
0.107352816,5.6242003,5.6583376
0.4336095,4.6997094,5.698827
0.7387595,4.8419356,5.4975038
0.42341667,4.483518,6.0562015
0.13830124,4.6968937,5.7190213
0.09877755,4.620593,5.6492176
0.14215347,4.291746,5.8464265
